[
{
    "model": "app_catalog.category",
    "pk": 1,
    "fields": {
        "name": "More",
        "parent": null,
        "is_active": true,
        "icon_id": 11,
        "sort_index": 10,
        "lft": 1,
        "rght": 6,
        "tree_id": 13,
        "level": 0
    }
},
{
    "model": "app_catalog.category",
    "pk": 2,
    "fields": {
        "name": "Cameras",
        "parent": null,
        "is_active": true,
        "icon_id": 3,
        "sort_index": 2,
        "lft": 1,
        "rght": 6,
        "tree_id": 5,
        "level": 0
    }
},
{
    "model": "app_catalog.category",
    "pk": 3,
    "fields": {
        "name": "Accessories",
        "parent": 1,
        "is_active": true,
        "icon_id": 1,
        "sort_index": 0,
        "lft": 2,
        "rght": 3,
        "tree_id": 13,
        "level": 1
    }
},
{
    "model": "app_catalog.category",
    "pk": 4,
    "fields": {
        "name": "Bags",
        "parent": 1,
        "is_active": true,
        "icon_id": 2,
        "sort_index": 1,
        "lft": 4,
        "rght": 5,
        "tree_id": 13,
        "level": 1
    }
},
{
    "model": "app_catalog.category",
    "pk": 5,
    "fields": {
        "name": "Accessories",
        "parent": 2,
        "is_active": true,
        "icon_id": 1,
        "sort_index": 0,
        "lft": 2,
        "rght": 3,
        "tree_id": 5,
        "level": 1
    }
},
{
    "model": "app_catalog.category",
    "pk": 6,
    "fields": {
        "name": "Bags",
        "parent": 2,
        "is_active": true,
        "icon_id": 2,
        "sort_index": 1,
        "lft": 4,
        "rght": 5,
        "tree_id": 5,
        "level": 1
    }
},
{
    "model": "app_catalog.category",
    "pk": 7,
    "fields": {
        "name": "Accessories",
        "parent": null,
        "is_active": true,
        "icon_id": 1,
        "sort_index": 0,
        "lft": 1,
        "rght": 2,
        "tree_id": 3,
        "level": 0
    }
},
{
    "model": "app_catalog.category",
    "pk": 8,
    "fields": {
        "name": "Bags",
        "parent": null,
        "is_active": true,
        "icon_id": 2,
        "sort_index": 1,
        "lft": 1,
        "rght": 2,
        "tree_id": 4,
        "level": 0
    }
},
{
    "model": "app_catalog.category",
    "pk": 9,
    "fields": {
        "name": "Clothings",
        "parent": null,
        "is_active": true,
        "icon_id": 4,
        "sort_index": 3,
        "lft": 1,
        "rght": 2,
        "tree_id": 6,
        "level": 0
    }
},
{
    "model": "app_catalog.category",
    "pk": 10,
    "fields": {
        "name": "Electronics",
        "parent": null,
        "is_active": true,
        "icon_id": 5,
        "sort_index": 4,
        "lft": 1,
        "rght": 2,
        "tree_id": 7,
        "level": 0
    }
},
{
    "model": "app_catalog.category",
    "pk": 11,
    "fields": {
        "name": "Fashion",
        "parent": null,
        "is_active": true,
        "icon_id": 6,
        "sort_index": 5,
        "lft": 1,
        "rght": 2,
        "tree_id": 8,
        "level": 0
    }
},
{
    "model": "app_catalog.category",
    "pk": 12,
    "fields": {
        "name": "Furniture",
        "parent": null,
        "is_active": true,
        "icon_id": 7,
        "sort_index": 6,
        "lft": 1,
        "rght": 6,
        "tree_id": 9,
        "level": 0
    }
},
{
    "model": "app_catalog.category",
    "pk": 13,
    "fields": {
        "name": "Accessories",
        "parent": 12,
        "is_active": true,
        "icon_id": 1,
        "sort_index": 0,
        "lft": 2,
        "rght": 3,
        "tree_id": 9,
        "level": 1
    }
},
{
    "model": "app_catalog.category",
    "pk": 14,
    "fields": {
        "name": "Bags",
        "parent": 12,
        "is_active": true,
        "icon_id": 2,
        "sort_index": 1,
        "lft": 4,
        "rght": 5,
        "tree_id": 9,
        "level": 1
    }
},
{
    "model": "app_catalog.category",
    "pk": 15,
    "fields": {
        "name": "Lightings",
        "parent": null,
        "is_active": true,
        "icon_id": 12,
        "sort_index": 11,
        "lft": 1,
        "rght": 2,
        "tree_id": 14,
        "level": 0
    }
},
{
    "model": "app_catalog.category",
    "pk": 16,
    "fields": {
        "name": "Mobiles",
        "parent": null,
        "is_active": true,
        "icon_id": 9,
        "sort_index": 8,
        "lft": 1,
        "rght": 2,
        "tree_id": 11,
        "level": 0
    }
},
{
    "model": "app_catalog.category",
    "pk": 17,
    "fields": {
        "name": "Trends",
        "parent": null,
        "is_active": true,
        "icon_id": 10,
        "sort_index": 9,
        "lft": 1,
        "rght": 2,
        "tree_id": 12,
        "level": 0
    }
},
{
    "model": "app_catalog.category",
    "pk": 18,
    "fields": {
        "name": "Lightings",
        "parent": null,
        "is_active": true,
        "icon_id": 8,
        "sort_index": 7,
        "lft": 1,
        "rght": 2,
        "tree_id": 10,
        "level": 0
    }
},
{
    "model": "app_catalog.manufacturer",
    "pk": 1,
    "fields": {
        "name": "CAT"
    }
},
{
    "model": "app_catalog.manufacturer",
    "pk": 2,
    "fields": {
        "name": "Porsche"
    }
},
{
    "model": "app_catalog.manufacturer",
    "pk": 3,
    "fields": {
        "name": "Lada"
    }
},
{
    "model": "app_catalog.tag",
    "pk": 1,
    "fields": {
        "name": "Vehicle"
    }
},
{
    "model": "app_catalog.tag",
    "pk": 2,
    "fields": {
        "name": "Industrial"
    }
},
{
    "model": "app_catalog.tag",
    "pk": 3,
    "fields": {
        "name": "Sport"
    }
},
{
    "model": "app_catalog.tag",
    "pk": 4,
    "fields": {
        "name": "Foreign"
    }
},
{
    "model": "app_catalog.media",
    "pk": 1,
    "fields": {
        "title": "Car",
        "filename": "car.png",
        "file": "catalog/2022/07/10/blog-1.jpg",
        "link": "",
        "hash": "eiu567w34",
        "created_at": "2022-07-09T23:20:59.586Z"
    }
},
{
    "model": "app_catalog.media",
    "pk": 2,
    "fields": {
        "title": "Car 2",
        "filename": "car2.png",
        "file": "catalog/2022/07/10/blog-2.jpg",
        "link": "",
        "hash": "he45ws36",
        "created_at": "2022-07-09T23:33:35.588Z"
    }
},
{
    "model": "app_catalog.media",
    "pk": 3,
    "fields": {
        "title": "Car 3",
        "filename": "car3.png",
        "file": "catalog/2022/07/10/blog-3.jpg",
        "link": "",
        "hash": "123r124e",
        "created_at": "2022-07-09T23:33:45.736Z"
    }
},
{
    "model": "app_catalog.media",
    "pk": 4,
    "fields": {
        "title": "Truck",
        "filename": "truck.jpg",
        "file": "catalog/2022/07/10/blog-4.jpg",
        "link": "",
        "hash": "31r23tq",
        "created_at": "2022-07-09T23:37:04.510Z"
    }
},
{
    "model": "app_catalog.item",
    "pk": 1,
    "fields": {
        "name": "Car",
        "short_description": "short description short description short description short description \r\nshort description short description \r\nshort description short description short description",
        "description": "long description long description long description long description long description long description long description long description long description long description long description long description long description long description long description long description long description long description long description long description long description long description long description long description long description long description long description \r\nlong description long description long description long description long description long description long description long description long description long description long description long description long description long description long description long description long description long description long description long description long description long description long description long description long description long description long description long description long description long description long description long description long description long description long description long description long description long description long description long description long description long description long description long description long description long description",
        "price": 51234555,
        "created_at": "2022-07-09T23:21:10.193Z",
        "edited_at": "2022-07-09T23:42:17.865Z",
        "is_limited": false,
        "is_active": true,
        "category": 3,
        "manufacturer": 2,
        "cover_image": 1,
        "tags": [
            1,
            3,
            4
        ],
        "additional_image": [
            2,
            3
        ]
    }
},
{
    "model": "app_catalog.item",
    "pk": 2,
    "fields": {
        "name": "Dump truck",
        "short_description": "description description description description description description description \r\ndescription description description",
        "description": "description description description description description description description description description description description description description description description description description description description description description description description description description description description description description description description description description description description description description description description description description description description description description description description description description description description description description description description description description description description description description description description description description description description description",
        "price": 9999999,
        "created_at": "2022-07-09T23:35:41.180Z",
        "edited_at": "2022-07-09T23:37:38.718Z",
        "is_limited": true,
        "is_active": true,
        "category": 5,
        "manufacturer": 1,
        "cover_image": 4,
        "tags": [
            1,
            2,
            4
        ],
        "additional_image": []
    }
},
{
    "model": "app_catalog.commentary",
    "pk": 1,
    "fields": {
        "item": 2,
        "user": 1,
        "text": "Comment",
        "name": "",
        "email": "",
        "is_verified": true,
        "created_at": "2022-07-09T23:37:38.729Z",
        "edited_at": "2022-07-09T23:37:38.729Z"
    }
},
{
    "model": "app_catalog.commentary",
    "pk": 2,
    "fields": {
        "item": 1,
        "user": null,
        "text": "Text text text text text text text text text text text text text text text text text text text text text text text text text text text text text text text text text text text text text text text text text text text text text text text text text text text text text text text text text text text text text text text text text text text text text text text text text text text text text text text text text text text text text text text text text text text text text text text text text text text text text text text text text text text text text text text text text text text text text text text text text text text text text text text text text text text text text text text text text text text text text text text text text text text text text text text text text text text text text text text text text text text text text text text text text text text text text text text text text text text text text text text text text text text text text text text text text text text text text text text text text text text text text text text text text text text text text text text text text text text text text text text text text text text text text text text text text text text text text text text",
        "name": "anon",
        "email": "anon@mail.org",
        "is_verified": false,
        "created_at": "2022-07-09T23:38:02.949Z",
        "edited_at": "2022-07-09T23:39:46.510Z"
    }
},
{
    "model": "app_catalog.parameter",
    "pk": 1,
    "fields": {
        "name": "velocity"
    }
},
{
    "model": "app_catalog.parameter",
    "pk": 2,
    "fields": {
        "name": "color"
    }
},
{
    "model": "app_catalog.parameter",
    "pk": 3,
    "fields": {
        "name": "material"
    }
},
{
    "model": "app_catalog.parametervalue",
    "pk": 1,
    "fields": {
        "item": 1,
        "parameter": 1,
        "value": "500"
    }
},
{
    "model": "app_catalog.parametervalue",
    "pk": 2,
    "fields": {
        "item": 1,
        "parameter": 2,
        "value": "red"
    }
},
{
    "model": "app_catalog.parametervalue",
    "pk": 3,
    "fields": {
        "item": 1,
        "parameter": 3,
        "value": "metal"
    }
},
{
    "model": "app_catalog.parametervalue",
    "pk": 4,
    "fields": {
        "item": 2,
        "parameter": 1,
        "value": "200"
    }
},
{
    "model": "app_catalog.parametervalue",
    "pk": 5,
    "fields": {
        "item": 2,
        "parameter": 2,
        "value": "yellow"
    }
},
{
    "model": "app_catalog.parametervalue",
    "pk": 6,
    "fields": {
        "item": 2,
        "parameter": 3,
        "value": "metal"
    }
},
{
    "model": "app_catalog.retailer",
    "pk": 1,
    "fields": {
        "name": "MEGA",
        "address": "Gorokhovaya 12"
    }
},
{
    "model": "app_catalog.retailer",
    "pk": 2,
    "fields": {
        "name": "MEGA",
        "address": "Tramvainiy pr. 11/2 ap.25"
    }
},
{
    "model": "app_catalog.retailer",
    "pk": 3,
    "fields": {
        "name": "Retail shop",
        "address": "Kirovsky st. 10/2"
    }
},
{
    "model": "app_catalog.retaileravailability",
    "pk": 1,
    "fields": {
        "retailer": 1,
        "item": 1,
        "is_available": true,
        "edited_at": "2022-07-09T23:42:17.878Z"
    }
},
{
    "model": "app_catalog.retaileravailability",
    "pk": 2,
    "fields": {
        "retailer": 3,
        "item": 1,
        "is_available": false,
        "edited_at": "2022-07-09T23:42:17.879Z"
    }
},
{
    "model": "app_catalog.retaileravailability",
    "pk": 3,
    "fields": {
        "retailer": 3,
        "item": 2,
        "is_available": true,
        "edited_at": "2022-07-09T23:35:41.194Z"
    }
},
{
    "model": "app_catalog.retaileravailability",
    "pk": 4,
    "fields": {
        "retailer": 2,
        "item": 1,
        "is_available": true,
        "edited_at": "2022-07-09T23:42:17.880Z"
    }
}
]
